"Post ID","Page ID","Page name",Title,Description,"Duration (sec)","Publish time","Caption type",Permalink,"Is crosspost","Is share","Post type",Languages,"Custom labels","Funded content status","Data comment",Date,Views,Reach,"Reactions, Comments and Shares",Reactions,Comments,Shares,"Total clicks","Views from Organic posts","Views from Boosted posts","Reach from Organic posts","Reach from Boosted posts","3-second video views","1-minute video views","3-Second viewers","1-minute viewers","3-second video views from Boosted posts","3-second video views from Organic posts","1-minute video views from Recommendations","1-minute video views from Shares","1-minute video views from Followers","1-minute video views from Boosted posts","Seconds viewed from Recommendations","Seconds viewed from Shares","Seconds viewed from Followers","Seconds viewed from Boosted posts","Average Seconds viewed from Recommendations","Average Seconds viewed from Shares","Average Seconds viewed from Followers","Average Seconds viewed from Boosted posts","Negative feedback from users","Unique negative feedback from users","Other Clicks","Link Clicks","Matched Audience Targeting Consumption (Photo Click)","Ad CPM (USD)","Ad impressions"
978080938671450,100094086596510,"Relevate Solutions Inc. ","Nobody hands you the list when you open the doors.

Five filings catch new owners every year — and every one of them has a deadline that doesn't care that you were busy working.

Swipe through, then check them against your own calendar. If one is missing, it's easier to fix now than after the notice.

📞 (845) 584-2118 · English y Español

#RelevateSolutions #SmallBusiness #Compliance #HudsonValley #TaxDeadlines",,0,"10/07/2026 07:01",N/A,https://www.facebook.com/relevatesolutionsinc/posts/pfbid0355rP2g4P223zFB2uzQxYdgizGrw9dxF5truvummU1p5mU1BjAdLyK3aenGTUcUtpl,0,0,Photos,,,,,Lifetime,95,64,4,2,0,2,2,95,0,64,0,0,0,0,0,0,0,0,0,0,0,0,0,0,0,0,0,0,0,0,0,1,,1,,
976319312180946,100094086596510,"Relevate Solutions Inc. ","The LLC is your legal setup with the state. How it's taxed is a separate choice: by default the profit flows straight to your return, or the LLC can elect to be taxed as an S-corp — which means paying yourself a reasonable W-2 wage and treating the rest as a distribution.

That election only makes sense past a certain level of profit, and it's a filing with its own deadline. Ask before you assume you're in the right one.

📞 (845) 584-2118 · English y Español

#RelevateSolutions #SmallBusiness #TaxPlanning #HudsonValley #BusinessOwners",,0,"10/05/2026 07:00",N/A,https://www.facebook.com/relevatesolutionsinc/posts/pfbid02QhPJMedxWdpEDoRpAsaPwY1FNbksbLhzFt7RzJvrqDX9vSQoivBTiMx9SvvtCUMNl,0,0,Photos,,,,,Lifetime,2157,939,29,23,0,6,64,2157,0,939,0,0,0,0,0,0,0,0,0,0,0,0,0,0,0,0,0,0,0,0,0,38,12,14,,
973600495786161,100094086596510,"Relevate Solutions Inc. ","No lo decide el acuerdo. Lo decide cómo trabaja la persona.

Si tú pones el horario, las herramientas y la forma de hacer el trabajo, probablemente no es contratista — aunque los dos hayan quedado en eso.

Clasificar mal no se arregla solo, y la corrección casi siempre llega con intereses. Pregúntanos antes de la próxima nómina.

📞 (845) 584-2118 · English y Español

#RelevateSolutions #Nómina #PequeñosNegocios #HudsonValley #Impuestos",,0,"10/02/2026 07:00",N/A,https://www.facebook.com/relevatesolutionsinc/posts/pfbid053ZUvs1SPRiMNwccVfj52oAxrSxjpNJ6raXtJgL11FazKrXWULkwKgvxVX7HYsQZl,0,0,Photos,,,,,Lifetime,319,167,7,6,0,1,23,319,0,167,0,0,0,0,0,0,0,0,0,0,0,0,0,0,0,0,0,0,0,0,0,16,2,5,,
971581869321357,100094086596510,"Relevate Solutions Inc. ","Thirty minutes. Same day every week. That's the whole system.

Photograph receipts. Log money in. Match the bank. Chase what's owed. Set the tax money aside.

Do it Friday at 4 and April stops being a crisis. Swipe for the breakdown, then grab our free Income & Expense Worksheet.

📞 (845) 584-2118 · English y Español

#RelevateSolutions #SmallBusiness #Bookkeeping #HudsonValley #BusinessTips",,0,"09/30/2026 07:01",N/A,https://www.facebook.com/relevatesolutionsinc/posts/pfbid0ow9Z1zinx7JUPggnST1nSg7f2tht4atHn2zQaC1HPnjAMJSZqKUVascWYdNdBYrbl,0,0,Photos,,,,,Lifetime,292,163,7,5,0,2,7,292,0,163,0,0,0,0,0,0,0,0,0,0,0,0,0,0,0,0,0,0,0,0,0,4,,3,,
969656412847236,100094086596510,"Relevate Solutions Inc. ","A packed dining room can still lose money. 

Food cost creeps, labor runs over, tips and sales tax get messy — and the P&L tells you in March what happened in January. 

Knowing what each plate actually earns is what turns a busy week into a profitable one. 

Free bookkeeping & tax guide for restaurants inside. 

🔗 relevatesolutionsinc.com/guides
 
#RelevateSolutions #RestaurantOwner #FoodCost #SmallBusinessFinance #HudsonValley",,0,"09/28/2026 07:00",N/A,https://www.facebook.com/relevatesolutionsinc/posts/pfbid02Rnwo9btnpcZ1gEomfHbwyWfXyHwavBncH3ng9DjCvtG2WGqZGCUjXAKTATaB4Lzol,0,0,Photos,,,,,Lifetime,30,22,1,0,0,1,0,30,0,22,0,0,0,0,0,0,0,0,0,0,0,0,0,0,0,0,0,0,0,0,0,,,,,
966763776469833,100094086596510,"Relevate Solutions Inc. ","Mándanos un mensaje y te contesta una persona real — en inglés o español, a la hora que sea. 

Sin menús, sin esperas y sin vergüenza por preguntar. 

Cuéntanos qué necesitas y te decimos el siguiente paso. 

🔗 relevatesolutionsinc.com/contact

#RelevateSolutions #EnglishYEspañol #ContabilidadLatina #NegociosLatinos #HudsonValley",,0,"09/25/2026 07:00",N/A,https://www.facebook.com/relevatesolutionsinc/posts/pfbid0RjEX3AmiXc5vn1Gmwpiu2GxejyXDAJ3WJ2y7F6xWN7HkfQMqyqdRTUo2zY6QWhPdl,0,0,Photos,,,,,Lifetime,242,137,6,4,0,2,1,242,0,137,0,0,0,0,0,0,0,0,0,0,0,0,0,0,0,0,0,0,0,0,0,1,,,,
964878696658341,100094086596510,"Relevate Solutions Inc. ","No necesitas seis meses de gastos ahorrados para empezar. 

Necesitas el primer colchón: lo suficiente para que una llanta, un diente o una semana sin trabajo no se conviertan en tarjeta de crédito. 

Te ayudamos a armarlo con lo que ya ganas. 

🔗 relevatesolutionsinc.com/life-financial-coaching

#RelevateSolutions #FondoDeEmergencia #AhorroFamiliar #CoachingFinanciero #FinanzasPersonales",,0,"09/23/2026 07:00",N/A,https://www.facebook.com/relevatesolutionsinc/posts/pfbid0z6LWgdA1Lx9jjdwAeoNGWzzepwkwuYvsqWPhFP737KGpTzzjt2AH31AXqg3Y2jy4l,0,0,Photos,,,,,Lifetime,34,19,1,0,0,1,0,34,0,19,0,0,0,0,0,0,0,0,0,0,0,0,0,0,0,0,0,0,0,0,0,,,,,
963186633494214,100094086596510,"Relevate Solutions Inc. ","The argument is rarely about the money. 

It’s about not knowing where you stand. 

We sit down with both of you, put every number on the table, and build one plan you both understand. 

Quieter kitchen tables, better decisions. 

🔗 relevatesolutionsinc.com/life-financial-coaching

#RelevateSolutions #FinancialCoaching #MoneyAndMarriage #FamilyFinance #HudsonValley",,0,"09/21/2026 07:01",N/A,https://www.facebook.com/relevatesolutionsinc/posts/pfbid0o5ZrfDiDJwFJxCcr2HVH9uJFodZuXkAW9hFh7PCZaoba9rDe8pM7EVej8aM2yM4Xl,0,0,Photos,,,,,Lifetime,144,97,5,3,0,2,0,144,0,97,0,0,0,0,0,0,0,0,0,0,0,0,0,0,0,0,0,0,0,0,0,,,,,
960675290412015,100094086596510,"Relevate Solutions Inc. ","Del 15 de septiembre al 15 de octubre celebramos el Mes de la Herencia Hispana — y a cada dueño de negocio latino que abrió sus puertas sin manual y sin atajos. 

Estamos para que tus números estén tan firmes como tu trabajo: contabilidad, impuestos y nómina, en tu idioma. 

🔗 relevatesolutionsinc.com

#RelevateSolutions #HerenciaHispana #NegociosLatinos #HispanicHeritageMonth #HudsonValley",,0,"09/18/2026 07:01",N/A,https://www.facebook.com/relevatesolutionsinc/posts/pfbid0dCyicddqsNvMVWkDmenM6j1FMujBU3NpPeAT44nJ6ppBH7xMtrWWdiNoQAMYYMs3l,0,0,Photos,,,,,Lifetime,136,100,5,4,0,1,0,136,0,100,0,0,0,0,0,0,0,0,0,0,0,0,0,0,0,0,0,0,0,0,0,,,,,
958992973913580,100094086596510,"Relevate Solutions Inc. ","Books behind? A tax letter you don’t understand? A goal you keep postponing? 

Start with a free 15-minute discovery call — we listen, you ask anything, and we tell you what we’d do next. 

No pressure, in English or Spanish. 

Financial questions don’t keep office hours. Neither do we. 

🔗 relevatesolutionsinc.com

#RelevateSolutions #FreeConsultation #TaxHelp #SmallBusinessSupport #HudsonValley",,0,"09/16/2026 07:01",N/A,https://www.facebook.com/relevatesolutionsinc/posts/pfbid035jXg6bSdJi3es3zBkm4PdPnkQxHdL3Fui64PLxcKvu5uQML1jqg48PiBe6n4wr5sl,0,0,Photos,,,,,Lifetime,41,18,1,0,0,1,0,41,0,18,0,0,0,0,0,0,0,0,0,0,0,0,0,0,0,0,0,0,0,0,0,,,,,
957284267417784,100094086596510,"Relevate Solutions Inc. ","¿Quieres comprar casa, abrir tu negocio o pagar la universidad de tus hijos? 

Le ponemos números, fechas y pasos concretos — y te acompañamos hasta que llegues. 

Empieza con una consulta gratis, en español. 

🔗 relevatesolutionsinc.com/life-financial-coaching

#RelevateSolutions #MetasFinancieras #CoachingFinanciero #ComprarCasa #FamiliasLatinas",,0,"09/14/2026 07:01",N/A,https://www.facebook.com/relevatesolutionsinc/posts/pfbid038PQX2vDyYF1zMoTQUzLcoWX35Y3SyJCPfAhLL2tKVbujHvxRJrRxBkzmdY9UhTKDl,0,0,Photos,,,,,Lifetime,31,22,1,0,0,1,0,31,0,22,0,0,0,0,0,0,0,0,0,0,0,0,0,0,0,0,0,0,0,0,0,,,,,
954760434336834,100094086596510,"Relevate Solutions Inc. ","Nobody starts a trade because they love spreadsheets. 

You start because you’re good at the work. 

We take the books — job costing, receipts, quarterlies — so the business you built keeps its profit. 

Free guide for your trade inside. 

🔗 relevatesolutionsinc.com/guides

#RelevateSolutions #SmallBusinessOwner #Trades #Bookkeeping #HudsonValley",,0,"09/11/2026 07:00",N/A,https://www.facebook.com/relevatesolutionsinc/posts/pfbid02oZXKkePFhifEoytXR9tW5VTXNHBnLmiTBuym4LmLVe4E2WiG2S3Z7vtXRXCzCdXcl,0,0,Photos,,,,,Lifetime,277,148,5,3,0,2,4,277,0,148,0,0,0,0,0,0,0,0,0,0,0,0,0,0,0,0,0,0,0,0,0,3,1,,,
953050544507823,100094086596510,"Relevate Solutions Inc. ","Pagar a tu gente bien y a tiempo es lo que sostiene tu reputación. 

Nosotros corremos la nómina completa: cálculos correctos, impuestos presentados a tiempo y todo en cumplimiento. 

Tú dedícate al trabajo. Llámanos o mándanos un DM. 

🔗 relevatesolutionsinc.com/payroll-business-support

#RelevateSolutions #Nómina #NegociosLatinos #ApoyoAlNegocio #HudsonValley",,0,"09/09/2026 07:01",N/A,https://www.facebook.com/relevatesolutionsinc/posts/pfbid0WGktJyJnqygt8vsrhNDifspAoh7zbKj1gyuTsZGyM4DAVgoAShMcSbpsVZM8QePUl,0,0,Photos,,,,,Lifetime,363,223,5,3,0,2,3,363,0,223,0,0,0,0,0,0,0,0,0,0,0,0,0,0,0,0,0,0,0,0,0,1,,2,,
951353668010844,100094086596510,"Relevate Solutions Inc. ","“I’ll get serious about money when I earn more.” 

We hear it every week — and it’s the reason the same problems follow the raise. 

Start where you are: know your numbers, name one goal, take one step. 

That’s coaching. The first call is free. 

🔗 relevatesolutionsinc.com

#RelevateSolutions #FinancialCoaching #MoneyMindset #FinancialWellness #HudsonValley",,0,"09/07/2026 07:00",N/A,https://www.facebook.com/relevatesolutionsinc/posts/pfbid02SZW9LHpqbWcNa8Sf9Kg3A4nz57FDRqWFzBNZikAEQm86fe4ZkXL4W8XQ7DEboSvvl,0,0,Photos,,,,,Lifetime,487,216,11,6,1,4,0,487,0,216,0,0,0,0,0,0,0,0,0,0,0,0,0,0,0,0,0,0,0,0,0,,,,,
948786384934239,100094086596510,"Relevate Solutions Inc. ","Tu llamado es tu congregación — no cuadrar cuentas. 

Cuidamos las finanzas del ministerio con orden y mayordomía: contabilidad por fondos, nómina pastoral y reportes que la junta puede leer con confianza. 

En inglés y español. 

🔗 relevatesolutionsinc.com/for-churches

Hashtags
#RelevateSolutions #FinanzasDeIglesia #Ministerio #Mayordomía #IglesiaLatina",,0,"09/04/2026 07:00",N/A,https://www.facebook.com/relevatesolutionsinc/posts/pfbid045eNw6aq4i2gBaGAC1VCJiN9EBzULfniDfB8ENH62hUAjXy89foZUr9xYfa4hL2zl,0,0,Photos,,,,,Lifetime,139,89,2,0,0,2,4,139,0,89,0,0,0,0,0,0,0,0,0,0,0,0,0,0,0,0,0,0,0,0,0,4,,,,
947079788438232,100094086596510,"Relevate Solutions Inc. ","Most budgets fail because they’re built for a perfect month. 

Real life has birthdays, car repairs, and school fees. 

We help you build a plan with room in it — so one surprise doesn’t undo the whole year. 

🔗 relevatesolutionsinc.com/life-financial-coaching

#RelevateSolutions #FamilyFinance #BudgetingTips #FinancialCoaching #HudsonValley",,0,"09/02/2026 07:00",N/A,https://www.facebook.com/relevatesolutionsinc/posts/pfbid0gdrGhh1SRsjeiCkz7kVPX1G3r8pJoa58LVJFZbBgGNx19zffeSKCDJvPgvv183Chl,0,0,Photos,,,,,Lifetime,39,23,1,0,0,1,0,39,0,23,0,0,0,0,0,0,0,0,0,0,0,0,0,0,0,0,0,0,0,0,0,,,,,
945417391937805,100094086596510,"Relevate Solutions Inc. ","Si terminas el día con la camioneta llena de recibos, esto es para ti. 

Llevamos tu contabilidad, nómina y facturación para que sepas cuánto ganas de verdad en cada trabajo. 

Guías gratuitas por oficio. Hablamos tu idioma — English y Español. 

🔗 relevatesolutionsinc.com/guides

#RelevateSolutions #ContabilidadParaNegocios #Oficios #NegociosLatinos #HudsonValley",,0,"08/31/2026 07:00",N/A,https://www.facebook.com/relevatesolutionsinc/posts/pfbid036K4FBaWLUfJcbJ6VupvbcSbN4aNSpkUB6RiEccU2236pzSyfnSZnFvzPhbGX2CyAl,0,0,Photos,,,,,Lifetime,52,36,1,0,0,1,0,52,0,36,0,0,0,0,0,0,0,0,0,0,0,0,0,0,0,0,0,0,0,0,0,,,,,
942926248853586,100094086596510,"Relevate Solutions Inc. ","Most people don’t need a lecture about money. 

They need a plan and someone in their corner. 

Our life & financial coaching starts where you actually are — income, bills, debt, goals — and builds the next step you can take this week. 

The first conversation is free - Link in bio. 🔗 relevatesolutionsinc.com

#RelevateSolutions #FinancialCoaching #MoneyGoals #FinancialWellness #HudsonValley",,0,"08/28/2026 07:00",N/A,https://www.facebook.com/relevatesolutionsinc/posts/pfbid0JYVEpZ4e2nUw2eF2QcyGRuNsH9PkgwG6F9g2ep7rZ9tCUSAdBffGCDTVy3wzkPM8l,0,0,Photos,,,,,Lifetime,604,292,3,1,0,2,2,604,0,292,0,0,0,0,0,0,0,0,0,0,0,0,0,0,0,0,0,0,0,0,0,,1,1,,
941188312360713,100094086596510,"Relevate Solutions Inc. ","Sacar tu licencia de contratista abre puertas — y el proceso no es un misterio. 

Aquí están los 5 pasos, en orden y en español: registro, documentos, seguros, solicitud y renovación. 

Tenemos material de estudio gratuito y te acompañamos con permisos y traducción. 

La primera consulta es gratis. 🔗 relevatesolutionsinc.com/resources

#RelevateSolutions #LicenciaDeContratista #Contratistas #NegociosLatinos #HudsonValley",,0,"08/26/2026 07:01",N/A,https://www.facebook.com/relevatesolutionsinc/posts/pfbid02NaxhfhDhebtt4JPmPeRN7yEZsZhP6pySXhFgaykAmZ8LQ3dSkL99W25hXG5htxgul,0,0,Photos,,,,,Lifetime,899,423,11,7,0,4,30,899,0,423,0,0,0,0,0,0,0,0,0,0,0,0,0,0,0,0,0,0,0,0,0,10,,20,,
939465779199633,100094086596510,"Relevate Solutions Inc. ","Five records. That’s the whole foundation. 

Keep these current and tax season stops being a scramble — miss them and you’re guessing at your own numbers. 

Swipe through the five, then grab our free Income & Expense Worksheet to start today. 

When you’re ready to hand it off, the first call is free - link in bio. 🔗 relevatesolutionsinc.com/resources

#RelevateSolutions #Bookkeeping101 #SmallBusinessFinance #Recordkeeping #HudsonValley",,0,"08/24/2026 07:00",N/A,https://www.facebook.com/relevatesolutionsinc/posts/pfbid0bVbcGCpw42pzeDycrFybkaPcYTw21zSP5XQXCx1reJpi1LSuV7GXhv9jAE7yXajyl,0,0,Photos,,,,,Lifetime,98,51,3,2,0,1,3,98,0,51,0,0,0,0,0,0,0,0,0,0,0,0,0,0,0,0,0,0,0,0,0,,,3,,
936927692786775,100094086596510,"Relevate Solutions Inc. ","No discovery-call maze, no mystery invoice. 

Tell us what you need — monthly bookkeeping, a return, payroll for four people — and we’ll tell you what it costs. 

Call or DM us, English or Spanish. 🔗 relevatesolutionsinc.com/contact

#RelevateSolutions #SmallBusinessAccounting #Bookkeeping #Payroll #HudsonValley",,0,"08/21/2026 07:00",N/A,https://www.facebook.com/relevatesolutionsinc/posts/pfbid02NYzgn3dkwJc3QLzCRNsv4X1QgDH3nAmktmXuLSBzh7JwBs8ut8qPUhRaNw1BZ1h5l,0,0,Photos,,,,,Lifetime,361,218,9,6,0,3,14,361,0,218,0,0,0,0,0,0,0,0,0,0,0,0,0,0,0,0,0,0,0,0,0,10,3,1,,
935204492959095,100094086596510,"Relevate Solutions Inc. ","Nadie se libera de deudas sintiéndose juzgado. 

Primero ponemos todo sobre la mesa: cuánto debes, a quién y a qué interés. 

Luego armamos un plan realista con fechas y montos que sí puedes cumplir, con un coach a tu lado. 

La primera consulta es gratis. 🔗 relevatesolutionsinc.com/life-financial-coaching

#RelevateSolutions #SalirDeDeudas #CoachingFinanciero #FinanzasFamiliares #NegociosLatinos",,0,"08/19/2026 07:00",N/A,https://www.facebook.com/relevatesolutionsinc/posts/pfbid02MBpQF7T9sPKekUNdJbjJfEPna4oiZ96ZCfWPcrtRXyB4LsWMbdsmC8F5TmCguVQwl,0,0,Photos,,,,,Lifetime,2471,1058,36,28,3,5,102,2471,0,1058,0,0,0,0,0,0,0,0,0,0,0,0,0,0,0,0,0,0,0,0,0,72,8,22,,
933508993128645,100094086596510,"Relevate Solutions Inc. ","Contractors, salons, shops, restaurants, agents — 19 free guides written for how your trade actually gets taxed and paid. No jargon, no gate. Find yours and keep the checklist. 🔗 relevatesolutionsinc.com/guides

#RelevateSolutions #SmallBusinessTips #Bookkeeping #IndustryGuides #HudsonValley",,0,"08/17/2026 07:00",N/A,https://www.facebook.com/relevatesolutionsinc/posts/pfbid02mFQy71D7WEbCirDpoe5WTppYVu6E5y5mMQLo5kNgGkiFCUZR1xziq8dpZCRxwEVHl,0,0,Photos,,,,,Lifetime,2304,925,42,33,1,8,86,2304,0,925,0,0,0,0,0,0,0,0,0,0,0,0,0,0,0,0,0,0,0,0,0,52,16,18,,
930881903391354,100094086596510,"Relevate Solutions Inc. ","De donde estás, a donde quieres llegar.

Con un coach a tu lado — presupuesto, deudas y metas, paso a paso. Más de 20 años ayudando a personas y familias a poner su dinero (y su vida) en orden. Empieza hoy.

Empieza hoy 👉 enlace en la bio.
—
From where you are to where you want to be — start today, link in bio.

#CoachingFinanciero #CoachingDeVida #FinanzasPersonales #MetasFinancieras #Deudas #Presupuesto #ComunidadLatina #RelevateSolutions",,0,"08/14/2026 07:00",N/A,https://www.facebook.com/relevatesolutionsinc/posts/pfbid02x4HCQKPULwHKzFppRxC78Nzqe4UcjuQ1ERh6yR8T1UkZ28bfZwAB1dXLyabBWyuzl,0,0,Photos,,,,,Lifetime,57,34,2,1,0,1,0,57,0,34,0,0,0,0,0,0,0,0,0,0,0,0,0,0,0,0,0,0,0,0,0,,,,0,0
929136776899200,100094086596510,"Relevate Solutions Inc. ","Free bookkeeping & tax guides for your trade.

19 industries covered — from auto shops to restaurants to real estate. Plain-language, no jargon, written for how your business actually works. Find yours and download it free.

Browse the guides 👉 link in bio.
—
Guías gratis para 19 industrias — enlace en la bio.

#SmallBusinessTaxes #Bookkeeping #FreeGuide #IndustryGuides #TradesBusiness #TaxTips #BusinessOwner #RelevateSolutions",,0,"08/12/2026 07:00",N/A,https://www.facebook.com/relevatesolutionsinc/posts/pfbid02F7qJ2gJRtmtNzPUKjLwHY4rGKarxPDyMr2WjWd94sZE6PnM6sXth6HQto3QGDTMul,0,0,Photos,,,,,Lifetime,44,33,2,1,0,1,1,44,0,33,0,0,0,0,0,0,0,0,0,0,0,0,0,0,0,0,0,0,0,0,0,,,1,0,0
927407650405446,100094086596510,"Relevate Solutions Inc. ","Hablamos tu idioma. Y contestamos 24/7.

Las preguntas de dinero no tienen horario. Nosotros tampoco. Contabilidad, impuestos, nómina y coaching — en español y en inglés, cuando nos necesites.

Agenda tu consulta 👉 enlace en la bio.
—
We speak your language — and we answer 24/7. Book a consult, link in bio.

#Bilingue #EnEspañol #NegociosLatinos #Contabilidad #Impuestos #ComunidadLatina #NuevaYork #RelevateSolutions",,0,"08/10/2026 07:00",N/A,https://www.facebook.com/relevatesolutionsinc/posts/pfbid02xvxG2Mau7CftMi8RQePkmgVptFZF23oTeCgutac4pX9oRN5QJPAX3TnBJjqbtbE6l,0,0,Photos,,,,,Lifetime,403,211,5,3,0,2,2,403,0,211,0,0,0,0,0,0,0,0,0,0,0,0,0,0,0,0,0,0,0,0,0,1,,1,0,0
925746800571531,100094086596510,"Relevate Solutions Inc. ","Sales tax filing, off your plate.

NYS sales tax, inventory, and payroll — filed right, filed on time. Retail and storefront owners: stop dreading the quarterly filing. Grab the free retail guide.

Free retail guide 👉 link in bio.
—
¿Tienda o retail? Guía gratis — enlace en la bio.

#Retail #Storefront #SalesTax #NYSsalesTax #SmallBusiness #Inventory #Bookkeeping #NewYork #RelevateSolutions",,0,"08/08/2026 07:00",N/A,https://www.facebook.com/relevatesolutionsinc/posts/pfbid0axFhQ3DccU6NrqJZDrvJU2RkekErAAFFvMkAFmUct9SnPzE9GLu22TFvbxhZuFCYl,0,0,Photos,,,,,Lifetime,548,231,5,4,0,1,1,548,0,231,0,0,0,0,0,0,0,0,0,0,0,0,0,0,0,0,0,0,0,0,0,1,,,0,0
924918843987660,100094086596510,"Relevate Solutions Inc. ","El 15 de septiembre está cerca.

Pago estimado del 3er trimestre y prórrogas de negocios — presentamos a tiempo, sin multas. No esperes a última hora; agenda hoy y respira tranquilo.

Agenda hoy 👉 enlace en la bio.
—
Sept 15 tax deadline is close — file on time, link in bio.

#Impuestos #FechaLimite #ImpuestosEstimados #Q3 #NegociosLatinos #TaxDeadline #SmallBusinessTaxes #RelevateSolutions",,0,"08/07/2026 07:00",N/A,https://www.facebook.com/relevatesolutionsinc/posts/pfbid02ToFhqSgmXuSZnBoi2ems6oKbywndLdw2fvDoT4SA2pY9sXyiZ6eTYQHTPAvmpMiXl,0,0,Photos,,,,,Lifetime,52,29,2,1,0,1,0,52,0,29,0,0,0,0,0,0,0,0,0,0,0,0,0,0,0,0,0,0,0,0,0,,,,0,0
923151864164358,100094086596510,"Relevate Solutions Inc. ","Stop doing payroll at midnight.

Pay your team right, file on time, stay compliant — we run payroll for you, start to finish. Get your evenings back. Bilingual team, available 24/7.

Set up payroll 👉 link in bio.
—
Deja la nómina con nosotros — enlace en la bio.

#Payroll #SmallBusiness #PayrollServices #BusinessOwner #Compliance #HRsupport #Bookkeeping #RelevateSolutions",,0,"08/05/2026 07:00",N/A,https://www.facebook.com/relevatesolutionsinc/posts/pfbid02NHACqRZLV48hZSPdftkthrJzLM6gDkgmXTX6gbusKuBsG5ZqSRNPNmEZ7Ezn4JNJl,0,0,Photos,,,,,Lifetime,49,28,1,0,0,1,0,49,0,28,0,0,0,0,0,0,0,0,0,0,0,0,0,0,0,0,0,0,0,0,0,,,,0,0
920485944430950,100094086596510,"Relevate Solutions Inc. ","¿Listo para tu licencia de contratista?

Material de estudio, permisos y traducción — te acompañamos en cada paso, todo en español. Del examen a los libros de tu negocio, no lo haces solo.

Material de estudio gratis 👉 enlace en la bio.
—
Contractor license help + free study material, link in bio.

#Construccion #Contratista #LicenciaContratista #Permisos #NegociosLatinos #Emprendedores #ConstructionBusiness #RelevateSolutions",,0,"08/03/2026 07:00",N/A,https://www.facebook.com/relevatesolutionsinc/posts/pfbid02zVVJNNG4jDJph2Xd6qyc5zTJqCyBfQBBV62QzDGcTDdX6mff2TfbGtKF1aKFVjcjl,0,0,Photos,,,,,Lifetime,687,334,7,4,0,3,15,687,0,334,0,0,0,0,0,0,0,0,0,0,0,0,0,0,0,0,0,0,0,0,0,13,,2,0,0
918785874600957,100094086596510,"Relevate Solutions Inc. ","Every deduction you're entitled to. Nothing missed.

Parts, tools, mileage, and the bay — we know how auto shops and mobile mechanics are taxed. Stop leaving money on the table. Grab the free auto guide.

Free auto guide 👉 link in bio.
—
¿Taller mecánico? Guía gratis — enlace en la bio.

#AutoRepair #Mechanic #AutoShop #MobileMechanic #SmallBusinessTaxes #Deductions #Bookkeeping #RelevateSolutions",,0,"08/01/2026 07:00",N/A,https://www.facebook.com/relevatesolutionsinc/posts/pfbid08aDisRjzK5oSVognaSqD6UPgkjJ8NSJH21DpiDiuX5AfvWJcNRUkiR8vuTA3S3Qjl,0,0,Photos,,,,,Lifetime,48,28,2,1,0,1,0,48,0,28,0,0,0,0,0,0,0,0,0,0,0,0,0,0,0,0,0,0,0,0,0,,,,0,0
917927248020153,100094086596510,"Relevate Solutions Inc. ","Ingresos por comisión, contabilidad sin estrés.

1099, gastos y pagos trimestrales para agentes que trabajan por su cuenta. Deja de adivinar en impuestos — descarga la guía gratis para bienes raíces.

Guía gratis 👉 enlace en la bio.
—
Real estate agent? Free guide for 1099 income, link in bio.

#BienesRaices #RealEstate #Agente1099 #Comisiones #ImpuestosTrimestrales #NegociosLatinos #Contabilidad #RelevateSolutions",,0,"07/31/2026 07:00",N/A,https://www.facebook.com/relevatesolutionsinc/posts/pfbid02UNZf2VX8XYyH4gt7KSJxzFa6wJpTzMGyKhWdCAHcP8JKC2T4yx2z4fuiqgzd5Xxsl,0,0,Photos,,,,,Lifetime,43,24,1,0,0,1,0,43,0,24,0,0,0,0,0,0,0,0,0,0,0,0,0,0,0,0,0,0,0,0,0,,,,0,0
916182294861315,100094086596510,"Relevate Solutions Inc. ","Know where your money goes.

Our simple Monthly Income & Expense Worksheet is free to download today — the easiest first step to actually seeing your cash flow. No jargon, just clarity.

Get the free worksheet 👉 link in bio.
—
Hoja de ingresos y gastos, gratis — enlace en la bio.

#MoneyManagement #CashFlow #SmallBusinessTips #Budgeting #Bookkeeping #FreeDownload #FinancialLiteracy #RelevateSolutions",,0,"07/29/2026 07:00",N/A,https://www.facebook.com/relevatesolutionsinc/posts/pfbid02Ccuq3jmVwrYaQKc8BkSjzFijrnFxsMmmA9dYwpzb1HZdgUCk38uDTLLXCsLfNtGyl,0,0,Photos,,,,,Lifetime,38,22,2,1,0,1,0,38,0,22,0,0,0,0,0,0,0,0,0,0,0,0,0,0,0,0,0,0,0,0,0,,,,0,0
914421918370686,100094086596510,"Relevate Solutions Inc. ","Lead your congregation. We'll keep the books board-ready.

Fund accounting, payroll for pastors, clergy tax rules, and clean monthly reports your board can trust — handled with heart. Stewardship-grade books, so every dollar of your members' trust is accounted for.

For churches 👉 link in bio.
—
Contabilidad con mayordomía para tu ministerio — enlace en la bio.

#ChurchAccounting #Ministry #FundAccounting #Stewardship #Nonprofit #ChurchFinance #FaithBased #PastorLife #RelevateSolutions",,0,"07/27/2026 07:00",N/A,https://www.facebook.com/relevatesolutionsinc/posts/pfbid0fuav82HZK6JQQqCk3fXkU55SN6axfsW5kg9sMLaxaZd1zkmSESXtTBwETE3UraWvl,0,0,Photos,,,,,Lifetime,62,41,1,0,0,1,0,62,0,41,0,0,0,0,0,0,0,0,0,0,0,0,0,0,0,0,0,0,0,0,0,,,,0,0
912797751866436,100094086596510,"Relevate Solutions Inc. ","Propinas, renta de silla y producto — en orden.

Salones, barberías y uñas: llevamos tus números para que tú crezcas. Deducciones, impuestos y nómina explicados claro. Descarga la guía gratis, en inglés y español.

Guía gratis 👉 enlace en la bio.
—
Salon or barber? Free bookkeeping guide, link in bio.

#Barberia #Salon #Belleza #Uñas #NegociosLatinos #Emprendedores #Contabilidad #Impuestos #RelevateSolutions",,0,"07/25/2026 07:00",N/A,https://www.facebook.com/relevatesolutionsinc/posts/pfbid0CZrXoHXyPJ5DWDQKhvsCHTMuGQgpQDrqJxvtRRt3cDUh2ZD5kYnYqCSgYpFt7ofVl,0,0,Photos,,,,,Lifetime,73,41,2,1,0,1,2,73,0,41,0,0,0,0,0,0,0,0,0,0,0,0,0,0,0,0,0,0,0,0,0,,2,,0,0
911993418613536,100094086596510,"Relevate Solutions Inc. ","Estamos a mitad de año. ¿Cómo van tus finanzas?

Un chequeo rápido hoy evita sorpresas en abril. Revisa tus metas, tu presupuesto y tus impuestos estimados con un coach a tu lado — en español, y disponibles 24/7.

Habla con un coach 👉 enlace en la bio.
—
Halfway through the year — time for a money check-in. Talk to a coach, link in bio.

#FinanzasPersonales #CoachingFinanciero #MetasFinancieras #Presupuesto #ImpuestosEstimados #NegociosLatinos #NuevaYork #RelevateSolutions",,0,"07/24/2026 07:00",N/A,https://www.facebook.com/relevatesolutionsinc/posts/pfbid0eUobxQCPcEB6uRmpqCV4ATKwzAAy4ZbbT31mJQGJdFw16K41MTsRZDLgaHvLJeHBl,0,0,Photos,,,,,Lifetime,672,281,3,1,0,2,1,672,0,281,0,0,0,0,0,0,0,0,0,0,0,0,0,0,0,0,0,0,0,0,0,1,,,0,0
910393192106892,100094086596510,"Relevate Solutions Inc. ","Tu temporada alta merece libros al día.

Nómina, materiales y facturación — nosotros los llevamos. Tú, el jardín. Una guía gratis de contabilidad e impuestos para jardinería y paisajismo, en inglés y español.

Guía gratis 👉 enlace en la bio.
—
Landscaping? Free tax & bookkeeping guide, link in bio.

#Jardineria #Paisajismo #Landscaping #NegociosLatinos #Nomina #Contabilidad #Emprendedores #RelevateSolutions",,0,"07/22/2026 07:00",N/A,https://www.facebook.com/relevatesolutionsinc/posts/pfbid02fZpNN7nBqyqA1VH1kWBYoEVAQAtK4f1rYE3QD4Ka8gPBsNdWdZjKL3AhBiVWHQm8l,0,0,Photos,,,,,Lifetime,810,317,12,7,1,4,2,810,0,317,0,0,0,0,0,0,0,0,0,0,0,0,0,0,0,0,0,0,0,0,0,2,,,,
909171775562367,100094086596510,"Relevate Solutions Inc. ","Your books shouldn't sweat the busy season.

Summer is go-time for HVAC & refrigeration — and job costing, parts, and payroll pile up fast. We handle the numbers so the season's rush stays profitable. Grab our free HVAC bookkeeping & tax guide.

Free HVAC guide 👉 link in bio.
—
¿HVAC? Descarga la guía gratis — enlace en la bio.

#HVAC #HVACbusiness #Refrigeration #TradesBusiness #SmallBusinessTaxes #JobCosting #Bookkeeping #HudsonValley #RelevateSolutions",,0,"07/20/2026 18:14",N/A,https://www.facebook.com/relevatesolutionsinc/posts/pfbid01Q8UPGCfE131fbYkLktxq5wQRicaigSpoBF2zRJBneZbpV6wYTxrkqePMBZJGYpbl,0,0,Photos,,,,,Lifetime,679,315,7,4,0,3,4,679,0,315,0,0,0,0,0,0,0,0,0,0,0,0,0,0,0,0,0,0,0,0,0,4,,,,
